comentario,autor,ups,permalink,id,subreddit,downs
"Deber√≠a ser gratuita y de calidad en todo el mundo. Deber√≠a ser un derecho humano respetado.   Los problemas de la salud p√∫blica en nuestro pa√≠s se deben a la corrupci√≥n y la inoperancia, que afectan a todos los sectores p√∫blicos. Pero eso no es raz√≥n para eliminarla. Estados Unidos es el ejemplo, vergonzoso y tr√°gico, de lo que sucede cuando se niega el derecho a la salud p√∫blica y gratuita.",Yawarundi75,33,/r/ecuador/comments/16tni0u/en_ecuador_la_salud_deber√≠a_ser_gratuita_o_no/k2gdi8c/,2448,ecuador,0
"En Europa - con sus sistemas p√∫blicos como el Ecuador - se r√≠en de los estados unidos donde el sistema es privado. La primera causa de banca rota son las deudas m√©dicas, ahora piensa en eso cuando el salario m√≠nimo es $450‚Ä¶Al privado no le interesa si no puedes pagar, y se beneficiar√≠an mucho cuando la competencia (lo p√∫blico) desaparezca. Pero por ese camino vamos‚Ä¶",NewTranslator3349,31,/r/ecuador/comments/16tni0u/en_ecuador_la_salud_deber√≠a_ser_gratuita_o_no/k2g3hs7/,2449,ecuador,0
"Privatizar la salud no mas mata a los mas pobres, y los politicos se llenan de mas dinero. Una idea muy fallada",Urrfang,38,/r/ecuador/comments/16tni0u/en_ecuador_la_salud_deber√≠a_ser_gratuita_o_no/k2g38cd/,2450,ecuador,0
"Cuando hac√≠a la rural la gente pobre ven√≠a grave al hospital xq no ten√≠an dinero para tomar el bus para llegar al hospital... o se esperaban a la ma√±ana muriendo de dolor o convulsionando porque por la noche no hay bus y no les alcanzaba para el taxi.  Varias veces hice colecta en el hospital para comprar insumos para equis paciente xq en el hospital ya no hab√≠an.   Ahora imaginen si encima les cobramos la atenci√≥n, la medicina y los insumos.   Creo que los ecuatorianos no notan o ignoran la situaci√≥n de pobreza de la mayor√≠a de nuestros compatriotas.",clovercris,12,/r/ecuador/comments/16tni0u/en_ecuador_la_salud_deber√≠a_ser_gratuita_o_no/k2h2zsu/,2451,ecuador,0
"Yo personalmente creo que la salud debe ser universal. Sin embargo, hay que cambiar de alguna forma el modelo del IESS/MSP porque hay duplicidad de funciones. La prestaci√≥n p√∫blica de salud debe estar a cargo de una sola instituci√≥n.",XAMdG,9,/r/ecuador/comments/16tni0u/en_ecuador_la_salud_deber√≠a_ser_gratuita_o_no/k2g50c9/,2452,ecuador,0
"Muy buen t√≥pico,  la Salud debe ser garantizado para la poblaci√≥n.  Hay que mejorar el servicio y los inventarios en todos los establecimientos.",Raizone-23,4,/r/ecuador/comments/16tni0u/en_ecuador_la_salud_deber√≠a_ser_gratuita_o_no/k2gia9f/,2453,ecuador,0
"El IESS solo deber√≠a ocuparse de pensiones, como es en la mayor parte del mundo, tiene tantos servicios que los hace todo mal, y la salud deber√≠a ser como en la mayor parte de Canad√°, donde las personas con un cierto nivel de ingresos pagan una tasa anual por la tarjeta de salud, y las personas con ingresos bajos no pagan nada, los extranjeros deben contratar un seguro m√©dico privado para visitar el pa√≠s. As√≠ se podr√≠a tener un sistema de salud relativamente eficiente y de calidad.   Todo esto est√° en diferentes leyes, pero no se aplican.",Rottie4,3,/r/ecuador/comments/16tni0u/en_ecuador_la_salud_deber√≠a_ser_gratuita_o_no/k2h2uol/,2454,ecuador,0
"La salud tiene que ser p√∫blica. De otro modo, se estar√≠a matando poco a poco a quienes no tienen medios de pago para la salud. A quien piense que la salud deber√≠a privatizarse por completo y abolir la salud p√∫blica, le vendr√≠a bien salir de su burbuja.",mischievousbeagle,5,/r/ecuador/comments/16tni0u/en_ecuador_la_salud_deber√≠a_ser_gratuita_o_no/k2gz10z/,2455,ecuador,0
"Deber√≠a mantenerse gratuita, pero necesita mejor gesti√≥n.",soragranda,3,/r/ecuador/comments/16tni0u/en_ecuador_la_salud_deber√≠a_ser_gratuita_o_no/k2if6vf/,2456,ecuador,0
Te contesto dentro de 12 dias que me dieron cita,RefrigeratorThick692,7,/r/ecuador/comments/16tni0u/en_ecuador_la_salud_deber√≠a_ser_gratuita_o_no/k2g3gdz/,2457,ecuador,0
[removed],[deleted],6,/r/ecuador/comments/16tni0u/en_ecuador_la_salud_deber√≠a_ser_gratuita_o_no/k2g4qnl/,2458,ecuador,0
"Creo que si toda familia ecuatoriana pagase 5 d√≥lares  al mes adicionada en la cuenta de luz o tel√©fono, el atendimiento  ser√≠a mejorado.",edraven6969,2,/r/ecuador/comments/16tni0u/en_ecuador_la_salud_deber√≠a_ser_gratuita_o_no/k2gpzel/,2459,ecuador,0
"no es muy dif√≠cil, miren los paises donde es privada con eso se dan cuenta, el ejemplo mas notorio es de los peruanos, bolivianos que se van a argentina para que los atiendan gratis, y el de un argentino que se muri√≥ en Bolivia por que no lo quer√≠an atender, ni hablar en estados unidos el peor de todos por lejos cualquier operaci√≥n no baja de los 100 mil d√≥lares   [https://www.perfil.com/noticias/politica/murio-un-argentino-en-bolivia-al-que-se-negaron-a-atender-lo-dejaron-morir-no-hicieron-nada.phtml#:\~:text=Se%20trata%20de%20Alejandro%20Ben%C3%ADtez,dejaron%20morir%3B%20no%20hicieron%20nada](https://www.perfil.com/noticias/politica/murio-un-argentino-en-bolivia-al-que-se-negaron-a-atender-lo-dejaron-morir-no-hicieron-nada.phtml#:~:text=Se%20trata%20de%20Alejandro%20Ben%C3%ADtez,dejaron%20morir%3B%20no%20hicieron%20nada).",Plane-Information700,2,/r/ecuador/comments/16tni0u/en_ecuador_la_salud_deber√≠a_ser_gratuita_o_no/k2iigg1/,2460,ecuador,0
Has visto como est√° la salud en Estados Unidos? Ese sistema simplemente no sirve y es el motivo por el cual quisiera que Noboa no fuera el otro candidato aparte de Luc√≠a,YanFan123,2,/r/ecuador/comments/16tni0u/en_ecuador_la_salud_deber√≠a_ser_gratuita_o_no/k2izsps/,2461,ecuador,0
El usuario de r/Ecuador m√°s √©tico:,Cuatroveintte,2,/r/ecuador/comments/16tni0u/en_ecuador_la_salud_deber√≠a_ser_gratuita_o_no/k2hvhky/,2462,ecuador,0
"La salud no es un derecho y no deber√≠a ser un derecho. Por el simple hecho de que cualquier implementaci√≥n revuelve en terminando ser una garant√≠a prove√≠da a gran costo del estado. No al menos dentro de c√≥mo se habla de los derechos naturales.  Sin embargo es algo que el estado debe dar a la mayor cantidad de gente posible porque de una forma u otra es beneficioso para la sociedad. Tambi√©n hay que tomar en cuenta en el an√°lisis que es un servicio que es f√°cilmente explotable para ganar beneficios por la necesidad que tiene la gente de obtenerlo, en algunos casos o te mueres o lo obtienes no hay punto medio. Esto hace que el control de la parte privada sin un contrapuesto como salud administrada por el estado y gratuita termine como US, con negociados adiestra y siniestra en el campo de salud (aqui tambi√©n hay), con gente sin un tipo de seguridad para armar su vida porque en cualquier momento queda en la bancarrota, con precios de seguros exagerados, y con problemas de auto medicaci√≥n (la crisis de opioides es un ejemplo).  De por si, si se asume que la salud termina con los ahorros de las familias, es un afrenta en contra del ciclo del capital y del capitalismo de por si. Es un argumento que se puede hacer y debatir. El ciclo virtuoso del capital comienza con el ahorro y la subsecuente inversi√≥n de este en capital, aka medios de producci√≥n o emprendimientos para crear valor, si los ahorros se desv√≠an en el gasto de salud o terminan estancado sin movimiento por el riesgo que la salud conlleva es lo mismo que no tener ahorros. No hay inversi√≥n. No hay crecimiento econ√≥mico, o al menos es reducido de lo que podr√≠a ser.   En general hay muy pocos argumentos para decir que una opci√≥n p√∫blica sin fines de lucro no es necesaria dentro de cualquier pa√≠s. La mayor parte de quejas que vas a escuchar con respecto a esto es sobre la eficiencia del gasto dentro de salud. Donde y como es mejor gastar y si el gasto es necesario. Muchas de ellas de por si se basan en que la salud privada es mejor, lo cual no es el punto ni el objetivo del estado (aunque los pol√≠ticos digan que si), y en una falta de entendimiento de los beneficios que est√° trae a nivel social tanto a nivel econ√≥mico como de estabilidad.   Sin embargo sigo en la posici√≥n de que no debe ser tratada como derecho, porque esto hace se vuelva no negociable, los derechos en el Ecuador son irrevocable y en consecuencia muchas veces irreductibles. A t√©rminos pr√°cticos dado que la medici√≥n de eficiencia o cumplimiento de este derecho es poco objetiva o inmedible se reduce a ver cu√°nto gasto p√∫blico hay y a m√°s gasto p√∫blico ""m√°s"" se est√° cumpliendo y dando este derecho. El estado es incentivado a gastar m√°s en la salud p√∫blica sin ver si su gasto es efectivo porque muchas veces es imposible de ver si lo es. Por ejemplo uno de los mayores gastos deber√≠a ser en salud preventiva como campa√±as de nutrici√≥n, ejercicio y revisiones peri√≥dicas ¬øPero como mides la eficiencia de estos gastos? La mejor forma es ver reducciones en estad√≠sticas una vez despu√©s de la implementaci√≥n pero esta forma queda r√°pidamente desactualizada y por lo tanto obsoleta y dicen poco de c√≥mo este gasto se puede hacer m√°s eficiente simplemente porque suele haber mucha incertidumbre porque el objetivo es la falta de algo (o sea que no haya personas con problemas de salud). A nivel objetivo no es lo mismo decir se previno 10 posibles casos d√≠gase de obesidad que se atendi√≥ un caso de problemas card√≠acos. Porque lo uno puede, pero solo *puede* que haya prevenido lo otro. No es demostrable y el impacto en la personas es poco claro en uno y muy demostrable en otro. La necesidad de las personas que reciben ambos tampoco es comparable. Por ello la importancia pol√≠tica al mostrar resultados no es la misma. Esto hace que en pocas el estado se incentive a no gastar eficientemente. Uno porque el gasto en consecuencias y no en prevenci√≥n es mayor, y dos porque los resultados de uno y el otro son diferentes a la hora de entenderlos y analizarlos y m√°s que todo diferente a la hora de anunciar los como cumplimientos de los pol√≠ticos.",Ncaak,0,/r/ecuador/comments/16tni0u/en_ecuador_la_salud_deber√≠a_ser_gratuita_o_no/k2h3jau/,2463,ecuador,0
"Siento que en un pa√≠s tercermundista y que tiene bastante deuda y no tiene como pagar a los mismos hospitales ni medicina, no, no deber√≠a ser gratuito",rafae-laaaa,-4,/r/ecuador/comments/16tni0u/en_ecuador_la_salud_deber√≠a_ser_gratuita_o_no/k2giluy/,2464,ecuador,0
"La salud no deberia ser gratuita, pero si deberia ser accesible a todos. Te doy un ejemplo. En Singapur en su momento la salud era gratuita. Lo que paso, fue que la gente ni bien se enfermaban, iban al doctor, les recetaba un pocoton de pastillas, las retiraban, tomaban 2-3 y el resto las tiraban al tacho de la basura. Paso de ser gratutita, a ser subsidiada al costo en parte, me parece el 70%. El otro 30% lo paga, AL COSTO, el paciente ya sea en el momento o se lo debitan como un debito del seguro social. Al costarle un parte al paciente, ya este no pedia  los cientos de pastillas, si no que solo cogia 2-3. Como generaban ingresos los hospitales para no estar a perdida por los subsidios? Vendiendo servicios premium. Por ejemple, subisidiado te quedas un cuarto con 10 pacientes. Pero si pagas una tarifa premium, no subsidiada, te llevan a un cuarto privado. Si pagas mas, te llevan a una suite. Esto es un ejemplo simplificado.",jcgonzmo,-3,/r/ecuador/comments/16tni0u/en_ecuador_la_salud_deber√≠a_ser_gratuita_o_no/k2h70ah/,2465,ecuador,0
"Todo el mundo habla de educaci√≥n y salud gratuita como derecho universal pero donde est√°n  los deberes como ciudadanos. Exigimos buena salud y de primera, pero deber√≠a ser la salud gratuita para una poblaci√≥n que no tiene inter√©s por alimentarse bien, consume excesivamente alcohol, no hace deporte y no tiene el m√≠nimo inter√©s por tener una buena salud? ¬øPor qu√© el estado debe hacerse cargo?",Torrojose87,-5,/r/ecuador/comments/16tni0u/en_ecuador_la_salud_deber√≠a_ser_gratuita_o_no/k2gv528/,2466,ecuador,0
"S√≥lo puedo decir, que nada es gratis en esta vida, todo se paga de alguna forma. No se deber√≠a llamar ""derecho"" si alguien m√°s lo paga.",TheWiflo,-3,/r/ecuador/comments/16tni0u/en_ecuador_la_salud_deber√≠a_ser_gratuita_o_no/k2hhs7g/,2467,ecuador,0
"No, la gente esta acostumbrada a tener plata para todo pero les duele gastar en salud... no se cuida, no hace ejercicio y se mata comiendo ü§¶üèº‚Äç‚ôÇÔ∏è y no tenemos por que pagar por eso con los impuestos.  Fuente: soy medico y he trabajado en las areas rurales del pais y es terrible ver como tienen plata para tomar, mozear y fiestas pero no tienen plata para cuidar se salud. Estan mal acostumbrados... deberia cobrarse al menos un % por cada consulta para que la gente al menos sienta que tiene que cuidarse.",Mr_John_Doe22,-3,/r/ecuador/comments/16tni0u/en_ecuador_la_salud_deber√≠a_ser_gratuita_o_no/k2hjrrx/,2468,ecuador,0
"Que tiene que ver el personal que trabaja en m√°quinas con el que trabaja en la Emergencia??? Est√°n capacitados para tareas diferentes, el que llena la info en la computadora no le es permitido o no tiene los conocimientos para atender una emergencia, es como decirle a un mec√°nico de autos que te arregle un tractor, no por saber arreglar veh√≠culos peque√±os va a saber arreglar veh√≠culos de carga pesada",AsheliaFem,1,/r/ecuador/comments/16tni0u/en_ecuador_la_salud_deber√≠a_ser_gratuita_o_no/k2hhbhe/,2469,ecuador,0
"Si fuera de calidad no, pero la verdad es que as√≠ como es ahorita de mala, que la gente va al seguro solo para morir pues si deber√≠a seguir siendo gratis",ECRainForest,1,/r/ecuador/comments/16tni0u/en_ecuador_la_salud_deber√≠a_ser_gratuita_o_no/k2hlx5y/,2470,ecuador,0
"En un pais pobre y tercermundista como Ecuador, SI, la salud deberia ser gratuita (al menos en la teoria), en cuanto a los problemas por el desabastecimiento de medicinas es un problema que viene de impagos y deudas que mantiene el Estado con el IESS, las cirugias es un problema que viene de a√±os y a√±os atras, mi abuela con presion alta consulto una cirugia de terejios para Octubre de 2015 y se la daban recien para Mayo de 2016, por lo qie tuvimos que llevarla a una clinica privada, y para finalizar, el problema de lo publico es que sin importar los diagnosticos o tratamientos los doctores seguiran cobrando un sueldo sin importar su rendimiento o eficacia (obiamente hay doctores miy profesionales que si te dan una revision al detalle y te dan un tratamiento bueno), ademas en algunos casos ni siquiera se les paga asi que peor animo tienen de realizar una revision correctamente.  Mas que una privatizacion creo que lo recomendable seria reformar al IESS desde 0, con reformas que probablemente afecten a los afiliados desde el primer dia, pero que a la larga la situacion mejore y tengamos una sanididad publica decente, y por supuestos y lo mas importante, evitar que politicos vuelcan a caer de nuevo en las tentaciones de sacar plata al IESS y endeudarlo",TheMikkei,1,/r/ecuador/comments/16tni0u/en_ecuador_la_salud_deber√≠a_ser_gratuita_o_no/k2j4bcg/,2471,ecuador,0
"Pues, efectivamente la salud debe ser gratuita, pero como ya es ahora, tambi√©n tienen que existir cl√≠nicas privadas.      En EC, existe este balance y no debe ser modificado en absoluto.      Lo que tiene que ser cambiado es la administraci√≥n o la manera en que se administra, porque los trabajadores en las cl√≠nicas publicas son en su mayor√≠a, y sin ofender, incompetentes en cuanto al trato de las personas.",[deleted],1,/r/ecuador/comments/16tni0u/en_ecuador_la_salud_deber√≠a_ser_gratuita_o_no/k2lvu0i/,2472,ecuador,0
S√≠ deber√≠a ser gratuita.,Historical-Habit4120,1,/r/ecuador/comments/16tni0u/en_ecuador_la_salud_deber√≠a_ser_gratuita_o_no/k2lwp38/,2473,ecuador,0
"Claro que deber√≠a ser gratuita la salud alguien de escasos recursos no podr√≠a pagar x algo que no le sale de sus bolsillos x eso el estado a gracia de nuestros impuestos deber√≠a mantener estable eso pero el gobierno actual narcogobierno del escuentro no se encarga de nada d eso y desde que entr√≥ has visto los deterioro de varios sectores p√∫blicos, y si la salud deber√≠a ser gratuita a nivel mundial tanto como p√∫blica y privada x alguien que tenga la forma de poder pagarlo",Chris_Lkennedy,1,/r/ecuador/comments/16tni0u/en_ecuador_la_salud_deber√≠a_ser_gratuita_o_no/k2n0x6f/,2474,ecuador,0
"Claro que si. Pero debe mejorar la gesti√≥n. Construir m√°s hospitales, darle prioridad a los m√©dicos Ecuatorianos y no traer Cubanos ni venezolanos que no pueden ni siquiera aprobar un examen de validaci√≥n, homologaci√≥n o convalidaci√≥n de conocimientos como pas√≥ en Chile. Las medicinas deben ser tambi√©n pol√≠tica de estado, su adquisici√≥n y manejo. En la d√©cada robada y post se robaron toda la medicina e incluso caducaba en bodega, eso sigui√≥ pasando en otros gobiernos incluso en pandemia.  tambi√©n, ning√∫n presidente corrupto populista debe tomar el seguro social como caja chica. El sistema de agendamiento de citas y call Center tambi√©n siempre ha sido terrible, eso debe mejorar.",Select_Club_2098,1,/r/ecuador/comments/16tni0u/en_ecuador_la_salud_deber√≠a_ser_gratuita_o_no/k2q6x4j/,2475,ecuador,0
En principio deber√≠a ser gratuita pero la realidad es que el 40% del empleo en el pa√≠s es informal y no genera impuestos. Aun los pa√≠ses donde estos sistemas funcionan tienen dificultades importantes. Es imposible que un sistema como este funcione en Ecuador mientras la mayor√≠a de la gente no tenga empleo formal que page impuestos.   Alemania tiene el equivalente a 5500 euros anuales por persona gastados en salud...  Si ecuador gastara algo equivalente en salud el presupuesto de salud en el pais fuera de mas de 100 mil millones de dolares. Que es bastante cercano a lo que gasta Paises Bajos que tiene una poblaci√≥n cercana al Ecuador.,cohibakick,1,/r/ecuador/comments/16tni0u/en_ecuador_la_salud_deber√≠a_ser_gratuita_o_no/k2rjc60/,2476,ecuador,0
"Una persona que conoc√≠ era hace d√©cadas directora financiera del iras y legalmente Iess es un proyecto s√∫per sustentable, hab√≠a bastantes problemas porque entidades del gob tomaban prestado los fondos del iess y hab√≠a por ah√≠ un d√©ficit. Aparte de eso Iess era la instituci√≥n m√°s s√≥lida del Ecuador. No se si alguien entiende sobre calculo actuarial ! En todo caso el creador y premio Nobel de ese c√°lculo era mitad mexicano ecuatoriano e implement√≥ unas f√≥rmulas y sistemas muy s√≥lidos. Lamentablemente hay abuso en compras p√∫blicas, sistemas burocr√°ticos en servicio al cliente fallando el UX experience y por el tema que muchas instituciones no le pagan al iess lo que a prestado sufre des financiaci√≥n. Hab√≠an muchas maneras de ‚Äúmonetizaci√≥n ‚Äú para mejorar y apoyar a las personas extremadamente marginales y desmitificar el estigma y mala imagen de una autoafiliacion voluntaria . Que falta!? https://www.deutschland.de/en/topic/life/training-and-working-as-a-midwife-in-germany aumentar midwife‚Äôs para todas las madres embarazadas. Capacitar a miles de millones de hombres y mujeres j√≥venes para dar un servicio a las madres. Encontrar un puente entre el ministerio de Educaci√≥n para cuidar a los reci√©n nacidos y ni√±os y educar padres antes de edad prekinder (antes de 3 a√±os), invertir mucho en salud preventiva y expandir su infraestructura obviamente en provincias y tambi√©n subir el nivel de sus m√©dicos. En todo caso. La medicina, la salud (inclusive deber√≠an unirse tambi√©n con ministerio del deporte y poner gimnasios y antropom√©tria /nutrici√≥n para todos. Como sea. La educaci√≥n/ la medicina y porque somos Ecuatorianos (el 3er pa√≠s m√°s abundante del mundo), deber√≠amos tambi√©n incluir un sistema igualmente de acceso a vegetales y frutas gratis. Definitivamente como somos tan pocos tambi√©n deber√≠amos como sea (no se si saben que el 80% de los Ecuatorianos no ha podido legalizar sus t√≠tulos de propiedad), es algo que a nadie le importa pero es importante apoyar a la gente que tenga los t√≠tulos de sus casas y tambi√©n ver c√≥mo se normaliza y se otorga tierras y casas a los migrantes y ecuatorianos. Y bueno. Los corruptos choros vividores dir√°n que no hay dinero. Pero amigos, mijos. Si hay.",Wearehealing,1,/r/ecuador/comments/16tni0u/en_ecuador_la_salud_deber√≠a_ser_gratuita_o_no/k2tq342/,2477,ecuador,0
